Title,Status,Start Date,End Date,Participants No,Mode,Hrefs
#POSSIBILITIES Hackathon 2022,ongoing," Apr 14, 2022, 06:00 PM IST","May 08, 2022, 11:55 PM IST",1216,Online,https://www.hackerearth.com/challenges/hackathon/possibilities-hackathon/
Hack For Sport,ongoing," Mar 30, 2022, 07:00 PM IST","May 02, 2022, 11:59 PM IST",3740,Online,https://www.hackerearth.com/challenges/hackathon/hack-for-sport/
The Orkes Hack,ongoing," Mar 28, 2022, 06:00 PM IST","May 15, 2022, 11:59 PM IST",1421,Online,https://www.hackerearth.com/challenges/hackathon/orkes-hackfest/
Breaking the Bottleneck: Shortened Supply Chains,ongoing," Apr 04, 2022, 06:30 PM IST","May 23, 2022, 09:29 AM IST",3033,Online,https://www.hackerearth.com/challenges/hackathon/breaking-the-bottleneck-shortened-supply-chains/
EY GDS Hackpions 4.0,ongoing," Apr 04, 2022, 06:00 PM IST","May 02, 2022, 11:59 PM IST",1563,Online,https://www.hackerearth.com/challenges/hackathon/ey-gds-hackpions-40/
Cloud Fest Hackathon 2,ongoing," Apr 01, 2022, 06:00 PM IST","May 08, 2022, 11:55 PM IST",7465,Online,https://www.hackerearth.com/challenges/hackathon/cloud-fest-hackathon-2/
ICTs for Indigenous Languages,ongoing," Apr 18, 2022, 11:30 PM IST","May 11, 2022, 03:29 AM IST",615,Online,https://icts-for-indigenous-languages.hackerearth.com/
StackHack 3.0,ongoing," Apr 15, 2022, 08:30 PM IST","May 14, 2022, 08:30 PM IST",163,Online,https://www.hackerearth.com/challenges/hackathon/stackhack-22-3/
(Campus) CTRL + HACK + INSERT Sustainability,upcoming," May 06, 2022, 06:00 PM IST","May 08, 2022, 11:55 PM IST",16337,Online,https://www.hackerearth.com/challenges/hackathon/accenture-campus-students/
CTRL + HACK + INSERT Sustainability,upcoming," May 06, 2022, 06:00 PM IST","May 15, 2022, 11:55 PM IST",3514,Online,https://www.hackerearth.com/challenges/hackathon/accenture-laterals-2/
HackForGood: Grab Hackathon 2022,upcoming," May 30, 2022, 12:00 AM IST","Jun 12, 2022, 11:55 PM IST",49,Online,https://grabhackforgood.hackerearth.com/